idlocuteur	reference	tranche-age	sexe	langues
1	BA725	55/65	1	Français
2	UG393	+ de 65	0	
3	DE744	35/45	1	
4	DJ39	35/45	1	
5	JI306	55/65	0	
6	FU200	35/45	0	
7	FA192	35/45	0	
8	ML533	25/35	1	
9	FD237	45/55	1	
10	JW325	35/45	1	
11	LD386	45/55	1	
12	GJ131	45/55	1	
13	JG258	45/55	0	
14	NS571	15/25	0	
15	MD461	25/35	1	
16	UQ417	45/55	1	
17	NV558	15/25	0	
18	WL512	+ de 65	0	
19	QB100	15/25	0	
20	UF391	45/55	1	
21	1135	55/65	1	
22	XZ501	55/65	1	
23	VS466	55/65	0	
24	1299	25/35	1	
25	948	15/25	0	
26	1134	55/65	1	
27	BB733	35/45	0	
28	1254	55/65	0	
29	1268	15/25	0	
30	4001	25/35	0	
31	BC709	55/65	0	
32	BF69	15/25	1	
33	BD704	55/65	1	
34	BX11	55/65	1	
35	BP35	55/65	1	
36	BU77	25/35	0	
37	CH28	45/55	0	
38	CI58	25/35	0	
39	CF4	25/35	1	
40	CP7	+ de 65	1	
41	CQ741	35/45	0	
42	CO702	35/45	1	
43	CR730	35/45	1	
44	DC738	35/45	1	
45	CW739	35/45	0	
46	DA740	45/55	1	
47	DH59	55/65	1	
48	DP50	25/35	1	
49	DX101	+ de 65	0	
50	ER720	35/45	1	
51	DT78	55/65	0	
52	FC716	25/35	1	
53	HU339	25/35	1	
54	EM229	15/25	0	
55	ES187	45/55	0	
56	FH717	+ de 65	0	
57	FM719	25/35	0	
58	FO221	15/25	1	
59	FS715	15/25	0	
60	FV718	25/35	1	
61	EL722	25/35	1	
62	FZ61	55/65	0	
63	GE133	55/65	1	
64	GS117	15/25	1	
65	GL142	45/55	0	
66	GX120	55/65	0	
67	HA151	45/55	1	
68	HN169	35/45	1	
69	HV348	55/65	0	
70	IC346	+ de 65	0	
71	LS439	+ de 65	1	
72	IG298	45/55	0	
73	IR293	45/55	1	
74	IU288	25/35	0	
75	IZ248	25/35	0	
76	JO304	45/55	0	
77	JR327	35/45	1	
78	JX318	35/45	0	
79	KE383	45/55	1	
80	KO376	45/55	0	
81	KH411	35/45	0	
82	LF468	45/55	0	
83	MH539	35/45	1	
84	KP392	15/25	1	
85	MG475	25/35	1	
86	KT385	55/65	1	
87	LN438	45/55	0	
88	LA366	35/45	0	
89	MW523	55/65	0	
90	MS530	15/25	0	
91	MK532	25/35	1	
92	MT484	25/35	0	
93	PX88	35/45	0	
94	NI526	25/35	0	
95	MY510	45/55	0	
96	QC102	10/15	1	
97	UH398	+ de 65	0	
98	OI587	45/55	1	
99	UU424	35/45	0	
100	MX492	35/45	0	
101	QF105	25/35	0	
102	QG109	45/55	1	
103	NA487	55/65	0	
104	VZ486	55/65	0	
105	NM476	35/45	0	
106	RC196	15/25	0	
107	RF211	15/25	1	
108	SD272	55/65	0	
109	VA436	55/65	0	
110	OB557	45/55	0	
111	OH593	15/25	1	
112	RP283	35/45	1	
113	SM313	25/35	1	
114	PY94	25/35	0	
115	QW145	45/55	1	
116	UB381	15/25	1	
117	VG449	35/45	1	
118	RV252	25/35	0	
119	SL312	15/25	1	
120	UN412	+ de 65	0	
121	PW85	35/45	1	
122	VM456	35/45	0	
123	VN457	15/25	0	
124	ST326	45/55	0	
125	WF503	25/35	0	
126	PF42	45/55	0	
127	YO241	55/65	1	
128	YD478	35/45	0	
129	YT387	35/45	1	
130	TN153	15/25	1	
131	TS165	55/65	1	
132	YR399	25/35	1	
133	UO414	35/45	0	
134	ZD585	55/65	0	
135	VL455	45/55	0	
136	4002	45/55	1	
137	8EX	45/55	1	
138	12EX	45/55	1	
139	VU469	25/35	1	
140	WS529	45/55	0	
141	9EX	+ de 65	0	
142	11EX	45/55	1	
143	2EX	35/45	0	
144	YP371	45/55	1	
145	1300	25/35	1	
146	4EX	45/55	1	
147	5EX	25/35	1	
148	6EX	15/25	1	
149	1264	25/35	0	
150	3EX	35/45	1	
151	4003	55/65	1	
152	1277	55/65	1	
153	VX479	25/35	1	
154	4004	45/55	1	
155	ZB600	25/35	0	
156	701MER	25/35	0	
157	707MER	45/55	0	
158	702PER	NULL	1	NULL
159	708PER	NULL	1	NULL
160	703MER	NULL	0	NULL
161	705MER	NULL	0	NULL
162	704MER	NULL	2	
163	709MER	35/45	0	
164	710PER	NULL	1	NULL
165	711MER	45/55	0	
166	712MER	NULL	0	NULL
167	713MER	35/45	0	
168	716MER	NULL	0	NULL
169	717MER	NULL	0	NULL
170	718MER	NULL	0	NULL
172	720MER	NULL	0	NULL
173	721PER	NULL	1	NULL
174	722MER	NULL	0	NULL
175	DM95	25/35	1	
176	241LOC	NULL	2	NULL
177	242LOC	NULL	2	NULL
178	243LOC	NULL	2	NULL
179	309STAN	NULL	2	NULL
180	316STAN	NULL	2	NULL
181	317EMP1	25/35	0	
182	331LOC	NULL	0	NULL
183	318STAN	NULL	2	NULL
184	319STAN	NULL	2	NULL
185	407PERSFEM	25/35	0	
186	360LOC	NULL	2	NULL
187	407PERS	25/35	1	
188	335LOC	NULL	1	NULL
189	361LOC	NULL	2	NULL
190	337STAN	NULL	2	NULL
191	362LOC	NULL	2	NULL
192	338SEC	NULL	2	NULL
193	341SEC	NULL	0	NULL
194	354AGT	NULL	2	NULL
195	342LOC	NULL	2	NULL
196	425PERS	NULL	2	NULL
197	366AGT	NULL	2	NULL
198	343SEC	NULL	2	NULL
199	367STAN	NULL	2	NULL
200	427PERS	NULL	1	NULL
201	370STAN	NULL	2	NULL
202	371STAN	NULL	2	NULL
203	373STAN	NULL	2	NULL
204	349FMG	NULL	0	NULL
205	350LOC	NULL	2	NULL
206	352LOC	NULL	2	NULL
207	353LOC	NULL	2	NULL
208	354LOC	NULL	1	NULL
209	355LOC	NULL	0	NULL
210	401PERS	NULL	1	NULL
211	402PERS	NULL	1	NULL
212	406PERS	NULL	1	NULL
213	298LOC	NULL	2	NULL
214	408PERS	NULL	1	NULL
215	419PERS	NULL	1	NULL
216	409PERS	NULL	1	NULL
217	414PERS	NULL	1	NULL
218	426PERS	NULL	0	NULL
219	416PERS	NULL	1	NULL
220	415PERS	NULL	2	NULL
221	417PERS	NULL	1	NULL
222	420PERS	NULL	1	NULL
223	421PERS	NULL	1	NULL
224	422PERS	NULL	1	NULL
225	423PERS	NULL	1	NULL
226	424PERS	NULL	1	NULL
227	429PERS	NULL	1	NULL
228	437PERS	NULL	1	NULL
229	441PERS	NULL	1	NULL
230	430PERS	NULL	1	NULL
231	435PERS	NULL	1	NULL
232	431PERS	NULL	1	NULL
233	436PERS	NULL	1	NULL
234	439PERS	NULL	1	NULL
235	445PERS	NULL	1	NULL
236	461PERS	NULL	0	NULL
237	440PERS	NULL	1	NULL
238	447PERS	NULL	1	NULL
239	416INC2	35/45	1	
240	448PERS2	NULL	1	NULL
241	449PERS	NULL	1	NULL
242	450PERS	NULL	1	NULL
243	452PERS	NULL	0	NULL
244	451PERS	NULL	1	NULL
245	454PERS	NULL	1	NULL
246	460PERS	NULL	0	NULL
247	453PERS	NULL	1	NULL
248	463PERS	NULL	1	NULL
249	462PERS	NULL	1	NULL
250	519LOC1	NULL	2	NULL
251	516LOC1	NULL	2	NULL
252	543LOC1	NULL	2	NULL
253	555LOC2	NULL	2	NULL
254	555LOC1	NULL	2	NULL
255	723MER	NULL	0	NULL
256	725MER	35/45	0	
257	724PER	NULL	1	NULL
258	726MER	NULL	0	NULL
259	727MER	NULL	0	NULL
260	730MER	NULL	0	NULL
261	728PER	NULL	1	NULL
262	731MER	NULL	0	NULL
263	732MER	NULL	0	NULL
264	733MER	NULL	0	NULL
265	734MER	NULL	0	NULL
266	735MER	NULL	0	NULL
267	737MER	NULL	0	NULL
268	740PER	NULL	1	NULL
269	741MER	NULL	0	NULL
270	742SOE	NULL	0	NULL
271	743MER	NULL	0	NULL
272	542LOC1	NULL	1	NULL
276	001LOC1	NULL	0	NULL
277	001LOC2	NULL	0	NULL
278	OU	25/35	1	
279	002INC	NULL	0	NULL
280	JR	25/35	1	
281	RC	15/25	1	
282	PB	25/35	0	
283	006LOC	NULL	0	NULL
284	JK	15/25	1	
285	GJ131FEM	45/55	0	
286	JR258	NULL	0	NULL
287	010LOC	NULL	0	NULL
288	MB	35/45	1	
289	JW325FEM	35/45	0	
290	013INC	NULL	0	NULL
291	BV	25/35	1	
292	014INC	NULL	0	NULL
293	ML533MER	NULL	0	NULL
294	CS	25/35	0	
295	QB100MER	NULL	0	NULL
296	QB100SOE	NULL	0	NULL
297	020INC	NULL	0	NULL
298	MD	15/25	0	
300	WL512MAR	+ de 65	0	
301	HM	25/35	0	
302	1135ENF	25/35	0	
303	1135FEM	55/65	0	
304	026INC	NULL	0	NULL
305	1254FIE	25/35	0	
306	JSM	15/25	1	
307	948MAR	25/35	1	
308	4001SOE	25/35	0	
310	BB733BMER	+ de 65	0	
311	BD704FEM	55/65	0	
312	DP	25/35	0	
313	045INC	NULL	0	NULL
314	046INC	NULL	0	NULL
315	047INC1	NULL	0	NULL
316	047INC2	NULL	0	NULL
317	CI58ENF	5/10	1	
318	CO702FEM	35/45	0	
319	NC	15/25	0	
320	CR730FIL	15/25	1	
322	DC738FEM	35/45	0	
323	DX101FIE	55/65	0	
324	062INC	NULL	0	NULL
326	ES187FIE	NULL	0	NULL
327	FH717MER	+ de 65	0	
328	068INC	NULL	0	NULL
329	069INC	NULL	0	NULL
330	FV718FEM	25/35	0	
331	072INC	NULL	0	NULL
332	FZ61FIL	25/35	1	
333	073INC	NULL	0	NULL
335	GX120MAR	55/65	1	
337	HA151FEM	45/55	0	
338	080INC	NULL	0	NULL
339	HV348FIE	25/35	0	
340	IC346PFIE	15/25	0	
341	IR293FEM	45/55	0	
342	IZ248FIL	- de 5 ans	1	
343	IZ248MER	55/65	0	
344	0086TOUS	NULL	0	NULL
345	086INC	NULL	0	NULL
347	086LOC2	NULL	0	NULL
349	JR327FEM	NULL	0	NULL
350	JX318ENF	5/10	0	
351	089INC1	NULL	0	NULL
352	089INC2	NULL	0	NULL
353	089INC3	NULL	0	NULL
356	090INC1	NULL	0	NULL
357	090INC2	NULL	0	NULL
358	092LOC	NULL	0	NULL
359	KP392FEM	15/25	0	
360	KT385FEM	55/65	0	
361	KT385PFIE	- de 5 ans	0	
362	096INC	NULL	0	NULL
363	098INC	NULL	0	NULL
364	MG475FEM	15/25	0	
366	101INC	NULL	0	NULL
367	MS530MER	45/55	0	
368	MT484PER	45/55	1	
369	104LOC1	NULL	0	NULL
370	104LOC1?MX492MAR	NULL	0	NULL
371	104LOC2	NULL	0	NULL
372	104LOC2?MX492	NULL	0	NULL
373	MX492?CS	NULL	0	NULL
374	MX492ENF	5/10	0	
375	MX492MAR	35/45	1	
376	106INC	NULL	0	NULL
377	NA487FIE	15/25	0	
378	107INC	NULL	0	NULL
379	108INC	NULL	0	NULL
380	NM476ENF	10/15	1	
381	NM476FRE	35/45	1	
382	NM476MAR	45/55	1	
383	OB557FIE	15/25	0	
384	OB557MAR	55/65	1	
385	110INC	NULL	0	NULL
386	110LOC	25/35	1	
387	OH593GRM	55/65	0	
388	OI587FEM	55/65	0	
389	PF42MAR	45/55	1	
391	PW85FEM	35/45	0	
392	PX88MAR	35/45	0	
393	115INC	NULL	0	NULL
395	PY94FIL	5/10	1	
396	QG109FEM	35/45	0	
397	QG109FIE	10/15	0	
398	122INC	NULL	0	NULL
399	AR	15/25	1	
400	RV252FIE	10/15	0	
401	RV252MAR	25/35	0	
402	RV252PFIE	- de 5 ans	0	
404	SD272MAR	55/65	0	
405	AMP	15/25	0	
407	127INC	NULL	0	NULL
408	128INC	NULL	0	NULL
409	TN153AMI	15/25	1	
410	TS165FEM	55/65	0	
411	TS165FIE	25/35	0	
412	TS165PFIE	5/10	0	
413	UB381FEM	15/25	0	
414	133INC	NULL	0	NULL
415	UO414ENF	- de 5 ans	0	
416	UO414MAR	35/45	1	
418	UU424AMI	35/45	1	
420	VG449FEM	35/45	0	
421	VG449FIE	10/15	0	
422	138INC	NULL	0	NULL
424	VL455FIE	15/25	0	
425	VL455MAR	45/55	1	
427	VM456MAR	35/45	1	
428	140INC	NULL	0	NULL
430	VX479FEM	25/35	0	
431	VZ486FIE	15/25	0	
433	146INC	NULL	0	NULL
434	YP371FEM	35/45	0	
435	YP371FIE	10/15	0	
436	ZB600ENF	5/10	1	
437	ZB600MAR	25/35	1	
438	152INC	NULL	0	NULL
439	1264ENF	5/10	0	
441	156INC	NULL	0	NULL
442	160INC	NULL	0	NULL
443	4004FEM	45/55	0	
444	163INC	NULL	0	NULL
445	5EXFEM	25/35	0	
446	167INC1	NULL	0	NULL
447	167INC2	NULL	0	NULL
448	11EXFEM	45/55	0	
449	11EXFIE	15/25	0	
450	173INC	NULL	0	NULL
451	201OUV1	NULL	0	NULL
452	201OUV2	NULL	0	NULL
453	BA725FEM	NULL	0	NULL
454	203INC	NULL	0	NULL
455	BA725FIL	NULL	0	NULL
456	204INC	NULL	0	NULL
457	204SEC	NULL	0	NULL
458	206INC1	NULL	0	NULL
459	206INC2	NULL	0	NULL
460	206LOC	NULL	0	NULL
461	DM95FEM	15/25	0	
462	208INC	NULL	0	NULL
463	211INC	NULL	0	NULL
464	212INC	NULL	0	NULL
465	215INC	NULL	0	NULL
466	223CLI1	NULL	0	NULL
467	223CLI2	NULL	0	NULL
468	223CLI3	NULL	0	NULL
469	223CLI4	NULL	0	NULL
470	224INC	NULL	0	NULL
471	235GAR	NULL	0	NULL
472	235VOI	NULL	0	NULL
473	237INC	NULL	0	NULL
474	238INC	NULL	0	NULL
475	1134FEM	55/65	0	
476	255INC	NULL	0	NULL
477	257INC1	NULL	0	NULL
478	257INC2	NULL	0	NULL
479	407PERSFIE	5/10	0	
480	HMM	NULL	0	NULL
481	264INC	NULL	0	NULL
482	270LOC1	NULL	0	NULL
483	270LOC2	NULL	0	NULL
484	272LOC1	NULL	0	NULL
485	272LOC2	NULL	0	NULL
486	273AMI2	NULL	0	NULL
487	273AMI3	NULL	0	NULL
488	273AMI4	NULL	0	NULL
489	273AMI5	NULL	0	NULL
490	FA192ENF	NULL	0	NULL
492	NS530	NULL	0	NULL
493	NS530AMI	NULL	0	NULL
494	NS530MAR	NULL	0	NULL
496	292CULT1	NULL	0	NULL
497	292CULT2	NULL	0	NULL
498	302STAN	NULL	0	NULL
499	308SEC	NULL	0	NULL
500	308STAN	NULL	0	NULL
501	312LOC	NULL	0	NULL
502	312STAN	NULL	0	NULL
503	316EMP	NULL	0	NULL
504	316STAN1	NULL	0	NULL
505	316STAN2	NULL	0	NULL
506	318EMP	NULL	0	NULL
507	319EMP	NULL	0	NULL
508	332LOC	NULL	0	NULL
509	332STAN	NULL	0	NULL
510	334LOC	NULL	0	NULL
511	334STAN	NULL	0	NULL
512	338STAN1	NULL	0	NULL
513	338STAN2	NULL	0	NULL
514	341LOC	NULL	0	NULL
515	341STAN1	NULL	0	NULL
516	341STAN2	NULL	0	NULL
517	343STAN1	NULL	0	NULL
518	343STAN2	NULL	0	NULL
519	345STAN1	NULL	0	NULL
520	345STAN2	NULL	0	NULL
521	347STAN1	NULL	0	NULL
522	347STAN2	NULL	0	NULL
523	348STAN	NULL	0	NULL
524	427PERSFDM	NULL	0	NULL
525	351STAN	NULL	0	NULL
526	352STAN	NULL	0	NULL
527	353ETU	NULL	0	NULL
528	353STAN	NULL	0	NULL
529	354ETU	NULL	0	NULL
530	354STAN	NULL	0	NULL
531	355STAN	NULL	0	NULL
532	360COIF	NULL	0	NULL
533	360STAN	NULL	0	NULL
534	MLC	15/25	0	
535	361COIF	NULL	0	NULL
536	361EMP	NULL	0	NULL
537	361STAN	NULL	0	NULL
538	362COIF	NULL	0	NULL
539	362STAN	NULL	0	NULL
540	364AGT	NULL	0	NULL
541	364STAN	NULL	0	NULL
542	365AGT	NULL	0	NULL
543	365SEC	NULL	0	NULL
544	366EMP	NULL	0	NULL
545	367EMP1	NULL	0	NULL
546	367EMP2	NULL	0	NULL
547	367EMP3	NULL	0	NULL
548	373EMP	NULL	0	NULL
549	406INC	NULL	0	NULL
550	409INC	NULL	0	NULL
551	414INC	NULL	0	NULL
552	416INC	NULL	0	NULL
553	BP?DV	NULL	0	NULL
554	421INC	NULL	0	NULL
555	424INC	NULL	0	NULL
556	429INC	NULL	0	NULL
557	436INC	NULL	0	NULL
558	445INC	NULL	0	NULL
559	446PERS	NULL	0	NULL
560	452INC1	NULL	0	NULL
561	452INC2	NULL	0	NULL
562	517ENQ	NULL	0	NULL
563	517LOC1	NULL	0	NULL
564	517LOC2	NULL	0	NULL
565	517LOC3	NULL	0	NULL
566	517LOC4	NULL	0	NULL
567	517LOC5	NULL	0	NULL
568	519ENQ1	NULL	0	NULL
569	519ENQ2	NULL	0	NULL
570	519LOC2	NULL	0	NULL
571	519LOC3	NULL	0	NULL
572	519LOC4	NULL	0	NULL
573	519LOC5	NULL	0	NULL
574	519LOC6	NULL	0	NULL
575	542ENQ	NULL	0	NULL
576	542LOC2	NULL	0	NULL
577	542LOC3	NULL	0	NULL
578	542LOC4	NULL	0	NULL
579	601LOC1	45/55	1	
580	601LOC2	35/45	1	
581	601LOC3	NULL	0	NULL
582	601LOC4	NULL	0	NULL
583	603EMP	NULL	0	NULL
584	617FOR	NULL	0	NULL
585	617LOC	NULL	0	NULL
586	625VEN	NULL	0	NULL
587	627INC	NULL	0	NULL
588	627VEN	NULL	0	NULL
589	629INC	NULL	0	NULL
590	629LOC	NULL	0	NULL
591	629VEN	NULL	0	NULL
592	630LOC	NULL	0	NULL
593	630VEN	NULL	0	NULL
594	631CLI	NULL	0	NULL
595	631VEN1	NULL	0	NULL
596	631VEN2	NULL	0	NULL
597	634CLI	NULL	0	NULL
598	634VEN	NULL	0	NULL
599	645CLI	NULL	0	NULL
600	645VEN	NULL	0	NULL
601	650INC	NULL	0	NULL
602	650VEN1	NULL	0	NULL
603	650VEN2	NULL	0	NULL
605	673EMP	NULL	0	NULL
606	751FIE	NULL	0	NULL
607	BV1	15/25	1	Anglais, Français
608	RL2	45/55	0	Aucune
609	KC3	15/25	0	
610	ZF4	55/65	0	Anglais
611	EH5	45/55	0	Anglais, Allemand, Italien
612	OS6	+ de 65	1	
613	WA7	+ de 65	1	Espagnol, Anglais
614	HF8	35/45	0	Anglais
615	ZU9	25/35	0	Anglais, Allemand
616	LX10	+ de 65	0	Anglais, Allemand, Espagnol
617	GK11	25/35	1	Anglais, Allemand
618	UC12	35/45	0	Anglais
619	ZD13	25/35	1	
620	SD14	55/65	1	Anglais
621	EW15	+ de 65	0	Anglais
622	VB16	45/55	0	Anglais
623	BT17	25/35	1	Espagnol, Italien, Anglais
624	JR18	45/55	0	Anglais
625	UI19	25/35	1	Anglais
626	XF20	45/55	0	
628	DF22	55/65	0	
629	YR23	+ de 65	0	
630	GC24	+ de 65	0	
631	LF25	55/65	1	
632	OW26	15/25	0	
633	RW27	35/45	1	Anglais, Un, Peu, D'espagnol
634	QF28	55/65	1	Anglais, (bon), Allemand, (notions)
635	WC29	45/55	1	Anglais
636	FJ30	+ de 65	0	Préciser la langue
637	NX31	35/45	0	Espagnol, Portugais, Anglais
638	FE32	+ de 65	1	Anglais, Allemand, Espagnol
639	LK33	35/45	0	
640	LC34	35/45	0	Anglais, Pour, Gospel
641	FH35	+ de 65	0	Français
642	PE36	45/55	0	Anglais, Espagnol, Allemand
643	TI37	35/45	1	Anglais
644	AJ38	15/25	0	
645	RA39	+ de 65	0	
646	RL40	45/55	0	
647	BC41	25/35	1	Arabe, Marocain
648	PM42	25/35	0	Anglais, Espagnol
649	AN43	35/45	0	Anglais, Portugais
650	DE44	25/35	0	Persan, Anglais
651	PT45	45/55	0	
652	WZ46	55/65	1	
653	LD47	15/25	1	
654	YK48	15/25	1	Anglais, Espagnol
655	AU49	45/55	1	Anglais, Allemand
656	CM50	25/35	1	
657	OG51	45/55	0	Anglais
658	YQ52	+ de 65	0	
659	PY53	35/45	1	
660	LD54	55/65	1	Anglais
661	TQ55	45/55	1	
662	TJ56	35/45	0	
663	UZ57	35/45	0	
664	BI58	35/45	0	Français
665	MC59	+ de 65	1	
666	YI60	35/45	0	Anglais
667	AJ61	55/65	1	
668	JP62	25/35	0	Anglais
669	NH63	+ de 65	0	Anglais
670	ZT64	+ de 65	1	
671	RK65	+ de 65	0	Anglais, Espagnol
672	MX66	55/65	1	Comprend, Le, Polonais
673	CL67	55/65	0	Allemand, Anglais
674	AG68	35/45	0	Anglais, Courant
675	ch_AC7	55/65	0	
676	ch_BH8	25/35	1	
677	ch_CD2	25/35	0	
678	ch_GB9	45/55	1	
679	ch_GC4	45/55	1	
680	ch_LA11	35/45	1	
681	ch_MP10	35/45	0	
682	ch_NS3	35/45	0	
683	ch_OB1	35/45	1	
684	ch_PP6	15/25	0	
685	WB712	25/35	1	Préciser la langue
686	VD703	15/25	0	Préciser la langue
687	HX782	15/25	0	Préciser la langue
688	GH095	25/35	0	Préciser la langue
689	FC824	+ de 65	1	Préciser la langue
690	75LOC	+ de 65	1	Préciser la langue
691	XV383	25/35	1	russe, anglais, allemand, espagnol
692	73LOC	25/35	0	Anglais, vietnamien
693	NR390	15/25	0	
694	GG314	25/35	0	Préciser la langue
695	CX348	25/35	1	Anglais, vietnamien
696	PROF_Maryse	45/55	0	Français
697	PF_RG616	+ de 65	0	Français
698	ELEV_CM2_Julie	5/10	0	
699	ELEV_CM2_Marion	5/10	0	
700	ELEV_CM2_Baptiste	5/10	1	
701	ELEV_CM2_Anouk	5/10	0	
702	ELEV_CM2_Juliette	10/15	0	
703	ELEV_CM2_Manon	5/10	0	
704	1287INC	35/45	0	
705	JK057	5/10	0	Préciser la langue
706	ELEV_CM2_Johana	5/10	0	
707	Cantine_Philippe	45/55	1	
709	XL615	45/55	0	Préciser la langue
710	ZK330	15/25	0	Préciser la langue
711	WZ900	15/25	0	Préciser la langue
712	XH276	15/25	1	
713	CB980	15/25	0	Préciser la langue
714	XS033	+ de 65	0	Préciser la langue
716	QF365	35/45	0	Préciser la langue
717	PROF_Claude	55/65	0	Français
718	FJ944	55/65	0	Anglais
719	70LOC	35/45	0	Anglais, italien
720	70LOCFIE	5/10	1	Préciser la langue
721	ZF4BFIE	35/45	0	Préciser la langue
722	BV1AMI	15/25	0	Préciser la langue
723	XF20MER	+ de 65	0	
724	LF25FEM	55/65	0	Préciser la langue
725	HF8MAR	35/45	1	Préciser la langue
726	HT398	25/35	0	Anglais, vietnamien
727	SS559	15/25	0	Préciser la langue
728	RC530	15/25	0	
729	ENT_40INC	NULL	1	NULL
731	FH35AMI	NULL	1	NULL
732	LC34AMI	NULL	1	NULL
733	ENT_31INC	NULL	1	NULL
734	ENT_29INC	NULL	1	NULL
736	GC24MAR	NULL	1	NULL
738	256LOC	NULL	1	NULL
739	WA7FEM	+ de 65	0	Anglais, Allemand, Espagnol
740	PT45FIL	NULL	1	NULL
750	ENT_3INC	NULL	1	NULL
760	TQ55FEM	NULL	1	NULL
761	TQ55FIL	NULL	1	NULL
763	TJ56MAR	NULL	1	NULL
764	BB302SOE	15/25	0	
766	PW85FIL	15/25	1	
767	086LOC1	NULL		NULL
770	086TOUS	NULL		NULL
773	BB302FRE	15/25	1	
774	femme	NULL		NULL
775	064INC	NULL		NULL
776	030INC	NULL		NULL
777	RF126AMI	15/25	1	
781	BLC4	NULL		NULL
782	717ASOC	NULL		NULL
783	626VEN1	NULL		NULL
784	612VEN	NULL		NULL
786	301STAN	NULL		NULL
787	FA192AMI1	NULL		NULL
788	FA192AMI2	NULL		NULL
790	HS	NULL		NULL
791	626VEN2	NULL		NULL
792	FA192AMI3	NULL		NULL
793	FA192AMI4	NULL		NULL
794	BW955AMIE	55/65	0	
795	FA192AMI5	NULL		NULL
796	SJ800	35/45	0	Préciser la langue
797	XL906	25/35	0	Préciser la langue
798	DR268	45/55	0	Préciser la langue
799	LD777	+ de 65	0	Préciser la langue
800	NH63MAR	+ de 65	1	Anglais
801	TQ55FIL1	15/25	1	Préciser la langue
802	253INC	NULL		NULL
803	274LOC1	NULL		NULL
804	VG449FIL	15/25	1	
805	294ENF1	NULL		NULL
806	370INC1	NULL		NULL
807	370INC2	NULL		NULL
808	371INC	NULL		NULL
809	371LOC1	NULL		NULL
810	ChanoineMichelQuartier	NULL		NULL
811	403PERS	NULL		NULL
813	447INC	NULL		NULL
814	453LOC	NULL		NULL
815	461PERSFIE	NULL		NULL
816	homme	NULL		NULL
817	503LOC1	NULL		NULL
818	504CONF	NULL		NULL
819	505CONF	NULL		NULL
820	520ENQ2	NULL		NULL
821	551ENQ1	NULL		NULL
822	554LOC3	NULL		NULL
823	603INC	NULL		NULL
824	662LOC	NULL		NULL
825	705ASOC	NULL		NULL
826	708ASOC	NULL		NULL
827	712ASOC	NULL		NULL
828	752FIE	NULL		NULL
829	752INC	NULL		NULL
830	149INC	NULL		NULL
831	403INC2	NULL		NULL
832	274LOC2	NULL		NULL
833	294ENF2	NULL		NULL
834	294ENF3	NULL		NULL
835	370INC3	NULL		NULL
836	370INC4	NULL		NULL
837	371LOC2	NULL		NULL
838	JeanZay3	NULL		NULL
839	DM95FIL	15/25	1	
840	453INC	NULL		NULL
841	551LOC1	NULL		NULL
842	662INC	NULL		NULL
843	274LOC3	NULL		NULL
844	294ENF4	NULL		NULL
845	294ENF5	NULL		NULL
846	403INC	NULL		NULL
847	NV558SOE	NULL		NULL
848	294ENF6	NULL		NULL
849	294ENF7	NULL		NULL
850	294ENF8	NULL		NULL
851	294ENF9	NULL		NULL
852	294ENF10	NULL		NULL
853	294ENF11	NULL		NULL
854	551LOC2	NULL		NULL
855	294ENF12	NULL		NULL
856	294ENF13	NULL		NULL
857	551LOC4	NULL		NULL
858	294ENF14	NULL		NULL
859	294ENF	NULL		NULL
860	551LOC5	NULL		NULL
861	551ENQ2	NULL		NULL
862	551INC1	NULL		NULL
863	551INC2	NULL		NULL
864	DA740FEM	NULL		NULL
865	femme1	NULL		NULL
866	503CONF	NULL		NULL
867	504LOC1	NULL		NULL
868	505LOC1	NULL		NULL
869	520LOC1	45/55	0	
870	554LOC2	NULL		NULL
871	063INC	NULL		NULL
873	JO304FIE2	NULL		NULL
874	JX318FIL	NULL		NULL
875	KE383FEM	NULL		NULL
877	JO304FIE	NULL		NULL
878	JO304FIE3	NULL		NULL
879	448PERS1	15/25	1	
880	462INC	NULL		NULL
881	homme1	NULL		NULL
882	503LOC2	NULL		NULL
883	503LOC3	NULL		NULL
884	504LOC2	NULL		NULL
885	505LOC2	NULL		NULL
886	520ENQ1	NULL		NULL
887	554LOC4	NULL		NULL
888	554LOC5	NULL		NULL
889	701ASOC	NULL		NULL
890	702ASOC	NULL		NULL
891	703ASOC	NULL		NULL
892	704ASOC	NULL		NULL
894	709ASOC	NULL		NULL
896	743ASOC	NULL		NULL
897	462INC2	NULL		NULL
898	femme2	NULL		NULL
899	503LOC4	NULL		NULL
900	503LOC5	NULL		NULL
901	504LOC3	NULL		NULL
902	505LOC3	NULL		NULL
903	520LOC2	45/55	0	
904	554LOC6	NULL		NULL
905	554LOC7	NULL		NULL
906	707ASOC	NULL		NULL
907	713ASOC	NULL		NULL
908	RF126SOE	15/25	0	
909	femme3	NULL		NULL
910	503LOC6	NULL		NULL
911	503LOC7	NULL		NULL
912	504LOC4	NULL		NULL
913	505LOC4	NULL		NULL
914	554LOC8	NULL		NULL
915	554LOC9	NULL		NULL
916	femme4	NULL		NULL
917	503LOC8	NULL		NULL
918	503LOC9	NULL		NULL
919	504LOC5	NULL		NULL
920	505LOC5	NULL		NULL
921	554LOC10	NULL		NULL
922	554LOC1	NULL		NULL
923	femme5	NULL		NULL
924	503LOC10	NULL		NULL
925	503LOC11	NULL		NULL
926	504LOC6	NULL		NULL
927	505LOC6	NULL		NULL
928	femme6	NULL		NULL
929	503LOC12	NULL		NULL
930	504LOC7	NULL		NULL
931	505LOC7	NULL		NULL
932	femme7	NULL		NULL
933	504LOC8	NULL		NULL
934	505LOC8	NULL		NULL
935	femme8	NULL		NULL
936	504LOC9	NULL		NULL
937	505LOC9	NULL		NULL
938	femme9	NULL		NULL
939	504LOC10	NULL		NULL
940	505LOC10	NULL		NULL
941	femme10	NULL		NULL
942	504LOC11	NULL		NULL
943	505LOC11	NULL		NULL
944	femme11	NULL		NULL
945	504LOC12	NULL		NULL
946	505LOC12	NULL		NULL
947	femme12	NULL		NULL
948	504LOC13	NULL		NULL
949	505LOC13	NULL		NULL
950	femme13	NULL		NULL
951	504LOC14	NULL		NULL
952	505LOC14	NULL		NULL
953	homme2	NULL		NULL
954	504LOC15	NULL		NULL
955	505LOC15	NULL		NULL
956	femme14	NULL		NULL
957	504LOC16	NULL		NULL
958	505LOC16	NULL		NULL
959	femme15	NULL		NULL
960	504LOC17	NULL		NULL
961	505LOC17	NULL		NULL
962	femme16	NULL		NULL
963	504LOC18	NULL		NULL
964	447INC2	NULL		NULL
965	femme17	NULL		NULL
966	504LOC19	NULL		NULL
967	505LOC19	NULL		NULL
968	femme18	NULL		NULL
969	504LOC20	NULL		NULL
970	505LOC20	NULL		NULL
971	femme19	NULL		NULL
972	504LOC21	NULL		NULL
973	505LOC21	NULL		NULL
974	femme20	NULL		NULL
975	504LOC22	NULL		NULL
976	505LOC22	NULL		NULL
977	femme21	NULL		NULL
978	504LOC23	NULL		NULL
979	505LOC23	NULL		NULL
980	femme22	NULL		NULL
981	504LOC24	NULL		NULL
982	505LOC24	NULL		NULL
983	femme23	NULL		NULL
984	505LOC25	NULL		NULL
985	femme24	NULL		NULL
986	505LOC26	NULL		NULL
987	femme25	NULL		NULL
988	505LOC27	NULL		NULL
989	femme26	NULL		NULL
990	505LOC28	NULL		NULL
991	homme3	NULL		NULL
992	505LOC29	NULL		NULL
993	femme27	NULL		NULL
994	505LOC30	NULL		NULL
995	femme28	NULL		NULL
996	505LOC31	NULL		NULL
997	femme29	NULL		NULL
998	505LOC32	NULL		NULL
999	homme4	NULL		NULL
1000	505LOC33	NULL		NULL
1001	femme30	NULL		NULL
1002	505LOC34	NULL		NULL
1003	femme31	NULL		NULL
1004	505LOC35	NULL		NULL
1005	femme32	NULL		NULL
1006	505LOC36	NULL		NULL
1007	femme33	NULL		NULL
1008	505LOC37	NULL		NULL
1009	femme34	NULL		NULL
1010	505LOC38	NULL		NULL
1011	femme35	NULL		NULL
1012	505LOC39	NULL		NULL
1013	homme5	NULL		NULL
1014	505LOC40	NULL		NULL
1015	femme36	NULL		NULL
1016	505LOC41	NULL		NULL
1017	RL437	35/45	0	
1018	RL437FIE	15/25	0	Préciser la langue
1019	femme37	NULL		NULL
1020	505LOC42	NULL		NULL
1021	femme38	NULL		NULL
1022	505LOC43	NULL		NULL
1023	homme6	NULL		NULL
1024	505LOC44	NULL		NULL
1025	femme39	NULL		NULL
1026	505LOC45	NULL		NULL
1027	homme7	NULL		NULL
1028	505LOC46	NULL		NULL
1029	homme8	NULL		NULL
1030	505LOC47	NULL		NULL
1031	femme40	NULL		NULL
1032	505LOC48	NULL		NULL
1033	homme9	NULL		NULL
1034	505LOC49	NULL		NULL
1035	femme41	NULL		NULL
1036	505LOC50	NULL		NULL
1037	femme42	NULL		NULL
1038	505LOC51	NULL		NULL
1039	femme43	NULL		NULL
1040	505LOC52	NULL		NULL
1041	femme44	NULL		NULL
1042	505LOC53	NULL		NULL
1043	femme45	NULL		NULL
1044	505LOC18	NULL		NULL
1045	femme46	NULL		NULL
1046	505LOC54	NULL		NULL
1047	femme47	NULL		NULL
1048	505LOC55	NULL		NULL
1049	femme48	NULL		NULL
1050	505LOC56	NULL		NULL
1051	homme10	NULL		NULL
1052	505LOC57	NULL		NULL
1053	homme11	NULL		NULL
1054	homme12	NULL		NULL
1055	femme49	NULL		NULL
1056	femme50	NULL		NULL
1057	femme51	NULL		NULL
1058	ZD198	45/55	0	Anglais
1059	ZP063	+ de 65	0	Anglais
1060	HD735	+ de 65	1	Anglais
1061	femme52	NULL		NULL
1062	CZ903	35/45	1	Préciser la langue
1063	CZ903FEM	35/45	0	Préciser la langue
1064	CZ903FIE	10/15	0	Préciser la langue
1065	SF018	25/35	0	Préciser la langue
1066	MX953	25/35	1	Anglais
1067	MX953FEM	25/35	0	Préciser la langue
1068	MX953FIE1	- de 5 ans	0	Préciser la langue
1069	MX953FIE2	- de 5 ans	0	Préciser la langue
1070	MF363	45/55	0	
1071	HV753	55/65	1	Allemand
1072	RN488	45/55	0	Anglais
1073	femme53	NULL		NULL
1074	70LOCFIL	5/10	1	Préciser la langue
1075	femme54	NULL		NULL
1076	ENT_57INC	35/45	0	Préciser la langue
1077	MC59FEM	+ de 65	0	Préciser la langue
1078	ENT_59INC	45/55	1	Préciser la langue
1079	femme55	NULL		NULL
1080	femme56	NULL		NULL
1081	AG68FIE	35/45	0	Préciser la langue
1082	femme57	NULL		NULL
1083	femme58	NULL		NULL
1084	femme59	NULL		NULL
1085	femme60	NULL		NULL
1086	femme61	NULL		NULL
1087	femme62	NULL		NULL
1088	femme63	NULL		NULL
1089	femme64	NULL		NULL
1090	femme65	NULL		NULL
1091	femme66	NULL		NULL
1092	femme67	NULL		NULL
1093	JZ678	15/25	0	
1094	RJ928	15/25	0	
1095	WN379	15/25	0	
1096	NC194	55/65	1	
1097	NH739	55/65	0	
1098	TL271	+ de 65	0	
1099	SM268	35/45	1	
1100	HP136	+ de 65	0	
1101	NM135	+ de 65	0	
1102	ZJ679	+ de 65	0	
1103	SF781	15/25	0	
1104	MP760	15/25	0	
1105	CB227	15/25	0	
1106	VK250	45/55	1	
1107	PM256	15/25	1	
1108	SR853	45/55	0	
1109	TS788	15/25	1	
1110	ST262	+ de 65	0	
1111	NT657	45/55	0	
1112	CL268	15/25	1	
1113	VN083	15/25	0	
1114	KM591	45/55	0	
1115	ZS505	+ de 65	0	
1116	HG486	15/25	0	
1117	WD670	15/25	0	Préciser la langue
1118	CF242	15/25	1	
1119	VC400	35/45	1	Préciser la langue
1120	HC469	15/25	0	
1121	TB182	15/25	0	
1122	WQ227	35/45	0	
1123	QF775	25/35	0	
1124	FF809	45/55	1	
1125	KB025	45/55	1	
1126	WV038	45/55	0	
1127	JX144	15/25	1	Préciser la langue
1128	XF233	15/25	0	
1129	CC150	15/25	0	
1130	NP069	45/55	1	
1131	CR643	55/65	0	
1132	MZ146	55/65	0	
1133	MM306	35/45	0	
1134	NC613	+ de 65	0	
1135	RK330	15/25	1	
1136	XR983	35/45	0	
1137	XQ753	15/25	0	
1138	HW014	15/25	1	
1139	FD720	15/25	0	
1140	NS613	45/55	0	
1141	PV817	45/55	0	
1142	MX601	55/65	0	
1143	CK483	+ de 65	0	
1144	KG716	+ de 65	1	
1145	BT590	+ de 65	0	
1146	FN730	45/55	1	
1147	VN607	45/55	0	
1148	DL922	55/65	0	
1149	QB839	15/25	0	
1150	RN247	15/25	1	
1151	MH315	15/25	1	
1152	SC816	55/65	1	
1153	QK050	55/65	0	
1154	SL653	15/25	0	
1155	MF615	15/25	0	
1156	XZ152	25/35	0	
1157	MG384	35/45	0	
1158	WR226	55/65	0	
1159	DV087	25/35	0	
1160	RB244	55/65	0	
1161	JK217	10/15	0	
1162	RT957	15/25	1	
1163	NZ705	15/25	0	
1164	XS464	55/65	0	
1165	CR739	55/65	1	
1166	LT447	35/45	1	
1167	SL696	+ de 65	1	
1168	KH427	35/45	0	
1169	KH427FIL	5/10	1	
1170	BB829	55/65	0	
1171	XL229	45/55	0	
1172	QG928	45/55	1	
1173	LF686	15/25	1	
1174	TV450	25/35	0	
1175	MR363	15/25	0	
1176	TK681	15/25	0	
1177	RF640	+ de 65	0	
1178	MJ748	45/55	0	
1179	QQ411	+ de 65	1	
1180	QQ411FEM	+ de 65	0	
1181	RB054	25/35	0	
1182	ZG645	35/45	1	
1183	PS642	15/25	1	
1184	PN050	15/25	0	
1185	JX490	15/25	0	
1186	LP948	15/25	0	
1187	WG305	15/25	0	
1188	FB199	55/65	1	
1189	SH625	+ de 65	0	
1190	VJ757	55/65	0	
1191	VL664	+ de 65	0	
1192	QG029	45/55	0	
1193	QC526	45/55	0	
1194	GL894	45/55	0	Arabe, Marocain
1195	JZ990	+ de 65	0	
1196	JZ990INC	+ de 65	0	
1197	TR860	15/25	0	
1198	KB589	15/25	0	
1199	XL852	15/25	0	
1200	VS126	35/45	0	
1201	NF384	45/55	1	
1202	ZK010	+ de 65	0	
1203	FN218	25/35	1	
1204	PF598	55/65	0	
1205	NM879	15/25	1	
1206	GD202	15/25	0	
1207	XR196	15/25	0	
1208	QM631	15/25	0	
1209	ND853	55/65	0	
1210	ZS562	+ de 65	1	
1211	LC956	+ de 65	1	
1212	MR449	35/45	0	
1213	LR132	25/35	0	
1214	MS592	55/65	0	
1215	TT848	55/65	0	
1216	TT848INC	35/45	0	
1217	DD347	+ de 65	1	
1218	JZ724	+ de 65	1	
1219	RC796	15/25	0	
1220	HS757	15/25	0	
1221	TS194	35/45	0	
1222	XS952	15/25	0	
1223	XS952INC	25/35	1	
1224	JX622	45/55	0	
1225	XL615MAR	45/55	1	
1226	XL615SOE	45/55	0	
1227	QX276	+ de 65	0	
1228	BL828	15/25	0	
1229	RM136	25/35	1	
1230	HV440	35/45	0	
1231	TK473	+ de 65	0	
1232	HV440FIE	5/10	0	
1233	HZ912	35/45	0	
1234	VP283	15/25	1	
1235	HS609	15/25	0	
1236	TS894	15/25	0	
1237	LF422	15/25	0	
1238	FT070	15/25	0	
1239	ZZ876	+ de 65	0	
1240	KF467	55/65	1	
1241	DT708	55/65	0	
1242	FH253	55/65	1	
1243	JZ001	55/65	0	
1244	CW903	45/55	0	
1245	GX031	15/25	0	
1246	GM125	15/25	0	
1247	CN364	15/25	0	
1248	LC489	15/25	0	
1249	SP597	+ de 65	0	
1250	LK378	+ de 65	1	
1251	VF480	45/55	0	
1252	DV578	+ de 65	0	
1253	DV578MAR	+ de 65	1	
1254	PW474	+ de 65	1	
1255	NX422	15/25	0	
1256	MK912	15/25	0	
1257	NW940	15/25	0	
1258	GD954	15/25	0	
1259	LG356	15/25	0	
1260	CH578	15/25	0	
1261	FF870	15/25	0	
1262	GJ996	+ de 65	0	
1263	SS109	35/45	0	
1264	CC701	45/55	0	
1265	CC701MAR	45/55	1	
1266	HJ330	25/35	0	
1267	FF856	35/45	0	
1268	TB983	35/45	1	
1269	DQ868	15/25	0	
1270	XZ005	15/25	0	
1271	WG519	25/35	0	
1272	SW880	25/35	1	
1273	TR268	15/25	0	
1274	XJ946	55/65	0	
1275	XJ946MAR	55/65	1	
1276	CH057	15/25	0	
1277	BQ750	+ de 65	0	
1278	RM256	55/65	0	
1279	JR232	55/65	0	
1280	RX607	25/35	1	
1281	CL651	15/25	0	
1282	ZQ009	45/55	1	
1283	XZ056	15/25	0	
1284	GS417	15/25	0	
1285	XQ811	15/25	0	
1286	CP411	35/45	1	
1287	ZZ031	15/25	0	
1288	QK552	35/45	0	
1289	GX092	55/65	0	
1290	HF528	55/65	0	
1291	RC036	45/55	0	
1292	PN744	15/25	0	
1293	XC963	15/25	0	
1294	BB418	15/25	0	
1295	DN672	35/45	1	
1296	BH071	35/45	1	
1297	FN762	35/45	0	
1298	FX243	15/25	1	
1299	JX980	15/25	0	
1300	DJ659	15/25	1	
1301	PR182	15/25	0	
1302	TH386	15/25	0	
1303	LX340	15/25	1	
1304	HL565	35/45	0	
1305	RN872	35/45	0	
1306	DL254	15/25	0	
1307	QG163	15/25	0	
1308	TM387	15/25	0	
1309	WK960	45/55	0	
1310	NH499	+ de 65	0	
1311	MJ079	+ de 65	0	
1312	MG839	15/25	0	
1313	FT715	15/25	0	
1314	PQ532	45/55	0	Préciser la langue
1315	RR581	55/65	0	
1316	HV826	15/25	0	
1317	JQ956	15/25	1	
1318	ZM869	45/55	0	
1319	KL672	25/35	1	
1320	SC665	25/35	0	
1321	CD322	+ de 65	1	
1322	CD322FEM	+ de 65	0	
1323	KG878	15/25	0	
1324	FX965	15/25	0	
1325	CV451	+ de 65	0	
1326	CV451MAR	+ de 65	1	
1327	VL745	+ de 65	1	
1328	PR503	+ de 65	0	
1329	BL932	45/55	1	
1330	ZX376	45/55	0	
1331	QW371	15/25	0	
1332	MH473	55/65	0	
1333	DJ39_DIA	+ de 65	1	
1334	QB100_DIA	55/65	0	Anglais
1335	QB100_DIAFIE	35/45	0	
1336	CF4_DIA	55/65	1	
1337	PY94_DIA	55/65	0	
1338	RF211_DIA	55/65	1	Anglais
1339	DIA_1225INC	15/25	1	
1340	YR399_DIA	+ de 65	1	
1341	YR399_DIAFEM	55/65	0	
1342	YT387_DIA	+ de 65	1	
1343	GF429	15/25	1	Anglais, Français
1344	WR641	15/25	0	
1345	BQ576	15/25	0	Anglais, Espagnol
1346	ZL473	15/25	0	
1347	MM428	15/25	1	Préciser la langue
1348	WX414	15/25	1	
1349	WZ853	15/25	0	
1350	CC423	15/25	0	Anglais, Français
1351	ZZ431	15/25	0	Anglais, Espagnol
1352	WT646	15/25	0	
1353	DC528	15/25	0	
1354	WT075	15/25	0	
1355	SGrouard	45/55	1	
1356	JPSueur	+ de 65	1	
1357	JLBernard	+ de 65	1	
1358	CBruneau	45/55	1	Préciser la langue
1359	BGratuze	45/55	1	Préciser la langue
1360	ZV124	45/55	1	Préciser la langue
1361	JGuarrigues  	45/55	1	Préciser la langue
1362	SG486	45/55	0	
1363	MB834	35/45	1	
1364	PF932	45/55	1	
1365	FL331	+ de 65	1	
1366	JF316	55/65	1	
1367	ZR652	45/55	1	
1368	FLegouy	45/55	1	
1369	VD276	55/65	0	
1370	ND454	45/55	1	
1371	MP087	35/45	1	
1372	LEC_RH699	35/45	1	
1373	CPelage	35/45	0	
1374	MEymar	25/35	1	
1375	BQ315	45/55	1	
1376	KX427	+ de 65	1	
1377	ch_MS12	25/35	0	
1378	RN488FRE	45/55	1	Préciser la langue
1379	GX785	35/45	0	
1380	TC671	35/45	0	
1381	NR390AMIE	15/25	0	
1382	CW440	25/35	0	
1383	RT705	15/25	0	
1384	NG318	10/15	0	
1385	LEC_PX866	35/45	0	
1386	ENF_KN446	- de 5 ans	1	
1387	PROF_Mrs Spencer	35/45	0	
1388	ELEV_CM2_Maxence	5/10	1	
1389	ELEV_CM2_Léo	5/10	1	
1390	AVS_CM2	35/45	0	
1391	PROF_Philippe	45/55	1	
1392	ELEV_CM2_Lo?s	5/10	1	
1393	ELEV_CM2_Lisa	5/10	0	
1394	ELEV_CM2_Samuel	5/10	1	
1395	ELEV_CM2_Thomas	5/10	1	
1396	ELEV_CM2	5/10	1	
1397	WZ384	45/55	0	Espagnol, Anglais
1398	WZ384MAR	45/55	1	Anglais
1399	WZ384FIE	15/25	0	
1400	WZ384FIL	10/15	1	
1401	JW992	55/65	0	
1402	JW992MAR	55/65	1	
1403	VJ115	15/25	1	
1404	JW992PFIL1	15/25	1	
1405	JW992PFIL2	10/15	1	
1406	DS952	15/25	0	
1407	DS952SOE	15/25	0	
1408	DS952MER	45/55	0	
1409	CT763	35/45	0	
1410	CT763FIE	5/10	0	
1411	CT763FIL	5/10	1	
1412	CT418	5/10	1	
1413	CT418SOE	- de 5 ans	0	
1414	CT418BBSIT	15/25	0	
1415	CT418PER	45/55	1	
1416	ML666	15/25	0	
1417	ML666AMI	15/25	1	
1418	BV647	15/25	0	
1419	RN166	15/25	0	
1420	DR381	15/25	1	
1421	MQ293	15/25	1	
1422	KR001	15/25	0	
1423	NW958	15/25	0	
1424	PC261	15/25	1	
1425	ZD520	15/25	0	
1426	KX664	15/25	0	
1427	ZV069	15/25	1	
1428	WM950	15/25	1	
1429	GJ845MER	45/55	0	
1430	GJ845	15/25	0	
1431	TG634	45/55	0	
1432	TG634FIL2	10/15	1	
1433	TG634FIL1	15/25	1	
1434	TG634FIE	15/25	0	
1435	LD386FIE	15/25	0	
1436	LD386FEM	45/55	0	
1437	NS571MAR	25/35	1	
1438	711ASOC	35/45	0	
1439	317STAN2	45/55	0	
1440	317STAN3	35/45	1	
1441	317STAN1	45/55	0	
1442	346STAN	45/55	0	
1443	350STAN	25/35	0	
1444	XW000	35/45	1	
1445	RZ042	35/45	0	
1446	NV558MER	NULL		NULL
1447	NV558PER	NULL		NULL
1448	PF437	15/25	1	
1449	FG719	15/25	1	
1450	DC040	15/25	1	
1451	MH568	15/25	0	
1452	LG632	25/35	1	Anglais
1453	KP488	+ de 65	0	
1454	FH449	15/25	0	
1455	FH449MER	45/55	0	
1456	FH449PER	55/65	1	
1457	FH449FRE1	15/25	1	
1458	FH449FRE2	15/25	1	
1459	GG675	15/25	0	
1460	GG675PER	45/55	1	
1461	GG675MER	45/55	0	
1462	LD860	15/25	0	
1463	LD860MER	45/55	0	
1464	LD860FRE2	25/35	1	
1465	LD860FRE1	15/25	1	
1466	LD860SOE	15/25	0	
1467	725ASOC	35/45	0	
1468	BB302	15/25	0	
1469	RF126	15/25	0	
1470	KG276	35/45	1	
1471	096LOC	NULL		NULL
1472	450PERSFEM	NULL		NULL
1473	450INC	NULL		NULL
1474	450PERSAMIE	NULL		NULL
1475	086LOC1?086LOC2	NULL		NULL
1476	JO304?086LOC1	NULL		NULL
1477	LEC_LS414	35/45	0	
1478	ENF_XB188	5/10	0	
1479	ENF_KR752	5/10	0	
1480	LEC_ZG962	25/35	0	
1481	ENF_QV814	- de 5 ans	0	
1482	LEC_RP187	25/35	0	
1483	ENF_PJ962	- de 5 ans	1	
1484	LEC_GM013	25/35	0	
1485	ENF_LV783	- de 5 ans	0	
1486	LEC_HX853	35/45	0	
1487	ENF_JZ363	- de 5 ans	1	
1488	LEC_GH007	45/55	1	
1489	ENF_MP572	- de 5 ans	0	
1490	RH699	35/45	1	
1491	ENF_JF909	5/10	0	
1492	LEC_RR275	15/25	0	
1493	ENF_VM520	5/10	0	
1494	LEC_ZH248	15/25	0	
1495	ENF_FG897	5/10	1	
1496	SC401	35/45	0	
1497	VG392	- de 5 ans	1	
1498	LEC_RF060	15/25	0	
1499	LEC_BT824	25/35	0	
1500	LEC_MC019	25/35	0	
1501	ENF_XH006	- de 5 ans	0	
1502	LEC_WL124	25/35	1	
1503	LEC_ZD381	55/65	1	
1504	ENF_QT522	- de 5 ans	0	
1505	LEC_BV405	45/55	1	
1506	ENF_WV618	5/10	0	
1507	LEC_SP932	45/55	1	
1508	ENF_TP255	- de 5 ans	0	
1509	LEC_LR379	35/45	0	
1510	ENF_DD226	5/10	1	
1511	ENF_KR449	- de 5 ans	0	
1512	LEC_ZF132	35/45	0	
1513	ENF_JQ419	5/10	0	
1514	ENF_CX937	- de 5 ans	0	
1515	ENF_GW809	5/10	0	
1516	ENF_FT438	- de 5 ans	0	
1517	LEC_JJ762	+ de 65	0	
1518	ENF_PV337	5/10	1	
1519	ENF_FT592	- de 5 ans	0	
1520	ENF_SH701	5/10	0	
1521	LEC_FQ654	25/35	0	
1522	ENF_GF212	- de 5 ans	1	
1523	LEC_BG821	15/25	0	
1524	LEC_XW117	15/25	0	
1525	LEC_RX938	45/55	0	
1526	ENF_DN317	5/10	0	
1527	LEC_TL460	25/35	0	
1528	ENF_BD655	- de 5 ans	0	
1529	LEC_HT474	35/45	1	
1530	ENF_RW957	- de 5 ans	0	
1531	ENF_HG359	5/10	0	
1532	LEC_ST446	35/45	0	
1533	ENF_XH997	5/10	1	
1534	RV759	15/25	0	Préciser la langue
1535	PN595	15/25	0	
1536	BT465	35/45	0	
1537	JX246	15/25	0	
1538	GW104	55/65	0	
1539	GT206	15/25	0	
1540	ZQ295	35/45	1	
1541	KX208	15/25	0	
1542	ENF_1327	- de 5 ans	1	
1543	ENF_1328	- de 5 ans	1	
1544	4001FRE	35/45	1	
1545	BW955	+ de 65	0	
1546	TB410	15/25	1	
1547	RV658	35/45	1	
1548	FW598	35/45	0	
1549	NS571MER	55/65	0	
1550	LL232	45/55	1	
1551	CP434	45/55	0	
1552	BA725AMIE1	NULL		NULL
1553	BA725AMI1	NULL		NULL
1554	BA725AMIE2	45/55	0	
1555	XZ501FIE1	25/35	0	
1556	XZ501FIE2	25/35	0	
1557	XZ501PFIE	25/35	1	
1558	XZ501PFIL	5/10	0	
1559	XZ501FIL	- de 5 ans	1	
1560	296LOC1	45/55	1	
1561	296LOC2	35/45	1	
1562	296LOC3	35/45	1	
1563	296LOC4	35/45	1	
1564	296LOC5	35/45	1	
1565	296LOC6	35/45	1	
1566	296LOC7	25/35	0	
1567	296LOC8	35/45	0	
1568	296LOC9	25/35	0	
1569	336STAN	35/45	0	
1570	336SEC	45/55	0	
1571	PK073	35/45	1	
1572	350LOCFDM	45/55	0	
1573	513PROFFEM1	35/45	0	
1574	513PROFFEM2	25/35	0	
1575	513PROFFEM3	45/55	0	
1576	513PROFFEM4	35/45	0	
1577	513PROFFEM5	35/45	0	
1578	513PROFFEM6	35/45	0	
1579	513PROFFEM7	45/55	0	
1580	513PROFFEM8	35/45	0	
1581	513PROFHOM1	35/45	1	
1582	513PROFHOM2	45/55	1	
1583	513PROFHOM3	35/45	1	
1584	513PROFHOM4	35/45	1	
1585	513PROFHOM5	45/55	1	
1586	513PROFHOM6	45/55	1	
1587	513PROFHOM7	45/55	1	
1588	513ANIM	55/65	1	
1589	716ASOC	35/45	0	
1590	710ASOC	35/45	0	
1591	718ASOC	35/45	0	
1592	720ASOC	35/45	0	
1593	721ASOC	35/45	0	
1594	722ASOC	35/45	0	
1595	723ASOC	35/45	0	
1596	724ASOC	35/45	0	
1597	726ASOC	35/45	0	
1598	727ASOC	35/45	0	
1599	HH233	35/45	0	
1600	730ASOC	35/45	0	
1601	731ASOC	35/45	0	
1602	732ASOC	35/45	0	
1603	733ASOC	35/45	0	
1604	734ASOC	35/45	0	
1605	735ASOC	35/45	0	
1606	737ASOC	35/45	0	
1607	740ASOC	35/45	0	
1608	741ASOC	35/45	0	
1609	742ASOC	35/45	0	
1610	CX285	35/45	1	Préciser la langue
1611	728ASOC	35/45	0	
1612	BD343FEM	15/25	0	Préciser la langue
1613	BD343	25/35	1	Préciser la langue
1614	BD343MER	45/55	0	Préciser la langue
1615	BD343BPER	55/65	1	Préciser la langue
1616	BN005	15/25	1	Espagnol
1617	WB675	15/25	0	Anglais
1618	WJ751	15/25	1	Portugais
1619	SP268	15/25	0	Anglais
1620	QG710	25/35	0	Anglais, Espagnol
1621	GC251	35/45	0	Arabe, Anglais, Espagnol
1622	XW632	15/25	1	
1623	KW790	15/25	1	
1624	LP374	15/25	1	Anglais, Allemand
1625	WG091	15/25	1	
1626	GN222	15/25	1	
1627	LL838	15/25	1	Anglais
1628	KP344	15/25	1	Portugais
1629	HD156	15/25	1	
1630	VP517	15/25	1	Anglais
1631	KS642	15/25	0	
1632	ZD485	55/65	1	Anglais
1633	NT651	15/25	0	Anglais
1634	DX901	15/25	0	Anglais, Espagnol
1635	HH174	15/25	0	
1636	FP361	35/45	1	Anglais
1637	XN005	15/25	1	Anglais, Espagnol, Italien
1638	KB680	15/25	1	Anglais 
1639	TF893	15/25	0	Créole, Anglais
1640	WW765	15/25	0	
1641	ZV903	15/25	0	Anglais
1642	MB631	35/45	1	Cambodgien
1643	WZ326	45/55	1	Anglais
1644	CL132	45/55	1	
1645	HN142	45/55	0	Anglais
1646	LK873	15/25	0	Anglais, Espagnol
1647	ZK080	15/25	1	Anglais, Espagnol
1648	RW807	15/25	1	Portugais, Anglais
1649	GQ800	15/25	1	
1650	WD079	25/35	1	
1651	KC533	15/25	1	
1652	XR963	15/25	0	
1653	SN613	15/25	1	Arabe
1654	RV005	15/25	0	Anglais, Allemand
1655	JX926	25/35	0	Anglais, Espagnol
1656	YP371FIE1	NULL		NULL
1657	NV558FI	NULL		NULL
1658	NS530AMIE	NULL		NULL
1659	YP371FIE2	NULL		NULL
1660	NS530MARI	NULL		NULL
1661	CB902	15/25	1	Anglais, Espagnol
1662	QQ715	15/25	1	Anglais
1663	PG594	15/25	0	Anglais, Espagnol
1664	551INC3	NULL		NULL
1665	1296INC1	35/45	0	Préciser la langue
1666	1296INC2	35/45	0	Préciser la langue
1667	1296INC3	35/45	0	Préciser la langue
1668	1306LOC	35/45	0	
1669	NG062	25/35	0	Anglais, Japonais, Espagnol
1670	FD824	35/45	1	Anglais, Allemand
1671	XC276	55/65	1	Patois vendéen
1672	RK246	25/35	0	Espagnol, Anglais
1673	HH468	55/65	1	Breton 
1674	LR990	35/45	1	
1675	ZQ122	35/45	1	Espagnol, Catalan, Anglais
1676	LW962	25/35	1	Anglais
1677	GN069	25/35	1	Anglais, Espagnol
1678	DL087	35/45	0	Espagnol
1679	CV954	55/65	1	Anglais
1680	MK537	45/55	1	Italien, Anglais
1681	DK633	55/65	0	Anglais
1682	SN926	55/65	1	Anglais
1683	VD025	35/45	1	Anglais
1684	DV174	15/25	1	Dari, Pachto, Anglais
1685	ZF845	15/25	1	Odienneka, Anglais, Portugais
1686	PT302	25/35	0	Anglais, italien
1687	TD545	15/25	0	
1688	XG084	15/25	0	Anglais, Espagnol, LSF
1689	FM988	15/25	0	Anglais, LSF
1690	HK309	15/25	0	Anglais, Espagnol, Russe, LSF
1691	PK698	35/45	1	
1692	WK734	55/65	1	Anglais, Espagnol
1693	WV513	45/55	0	Anglais
1694	TB035	35/45	1	Anglais, Espagnol, Indonésien
1695	ZP759	15/25	1	Diakhanké
1696	NC850	15/25	1	Anglais, Portugais, Japonais
1697	BT908	15/25	1	Anglais
1698	MQ185	35/45	0	Anglais, Espagnol
1699	TP676	15/25	1	
1700	CZ736	15/25	1	Anglais
1701	QN803	15/25	1	
1702	LR962	15/25	0	Portugais, Lingala
1703	PT876	15/25	1	
1704	LEC_ZC168	35/45	0	Préciser la langue
1705	ENF_PM410	- de 5 ans	1	Préciser la langue
1706	QR472	35/45	0	Préciser la langue
1707	PD346	35/45	0	Préciser la langue
1708	DW922	45/55	0	Préciser la langue
1709	ENQrumF1	15/25	0	Préciser la langue
1710	BX886	55/65	0	Préciser la langue
1711	RJ707	+ de 65	1	Préciser la langue
1712	ENQrumF2	15/25	0	Préciser la langue
1713	HV697	15/25	0	Préciser la langue
1714	DL637	15/25	0	Préciser la langue
1715	DS342	15/25	0	Préciser la langue
1716	QH559	+ de 65	0	Préciser la langue
1717	BC410	25/35	1	Préciser la langue
1718	GJ708	25/35	1	Préciser la langue
1719	FB808	35/45	0	Préciser la langue
1720	TC900	25/35	0	Préciser la langue
